e_1_sim,e_1_mean,e_1_sd,e_1_lwr,e_1_upr,e_2_sim,e_2_mean,e_2_sd,e_2_lwr,e_2_upr,e_3_sim,e_3_mean,e_3_sd,e_3_lwr,e_3_upr,gamma_1_sim,gamma_1_mean,gamma_1_sd,gamma_1_lwr,gamma_1_upr,gamma_2_sim,gamma_2_mean,gamma_2_sd,gamma_2_lwr,gamma_2_upr,gamma_3_sim,gamma_3_mean,gamma_3_sd,gamma_3_lwr,gamma_3_upr,theta_1_sim,theta_1_mean,theta_1_sd,theta_1_lwr,theta_1_upr,theta_2_sim,theta_2_mean,theta_2_sd,theta_2_lwr,theta_2_upr,theta_3_sim,theta_3_mean,theta_3_sd,theta_3_lwr,theta_3_upr,percent_sig,reduction
0.05,0.0434008487363,0.113325482181,0.0,0.311687801438,0.02,0.0347388067464,0.0562346240739,0.0,0.183937753458,0.01,0.0262685782191,0.0441515743189,0.0,0.121525315491,0,-104.85369928,578.565359921,-543.399254452,9.55267578034,-5,-73.3990198749,474.665768222,-177.497668714,3.31020711695,-30,-88.1591727265,464.975802076,-941.678201165,0.997893558243,0.002,0.00305188118184,0.00172853342682,0.000349176503194,0.00642251560721,0.006,0.00371069040734,0.00301989944734,0.000698829602936,0.0069273972173,0.002,0.00394728796837,0.00216301620233,0.000983854785234,0.00688710433465,1.0,equal_pol
0.05,0.0434008487363,0.113325482181,0.0,0.311687801438,0.02,0.0347388067464,0.0562346240739,0.0,0.183937753458,0.01,0.0262685782191,0.0441515743189,0.0,0.121525315491,0,-104.85369928,578.565359921,-543.399254452,9.55267578034,-5,-73.3990198749,474.665768222,-177.497668714,3.31020711695,-30,-88.1591727265,464.975802076,-941.678201165,0.997893558243,0.002,0.00305188118184,0.00172853342682,0.000349176503194,0.00642251560721,0.006,0.00371069040734,0.00301989944734,0.000698829602936,0.0069273972173,0.002,0.00394728796837,0.00216301620233,0.000983854785234,0.00688710433465,53.0,2_class
0.05,0.0434008487363,0.113325482181,0.0,0.311687801438,0.02,0.0347388067464,0.0562346240739,0.0,0.183937753458,0.01,0.0262685782191,0.0441515743189,0.0,0.121525315491,0,-104.85369928,578.565359921,-543.399254452,9.55267578034,-5,-73.3990198749,474.665768222,-177.497668714,3.31020711695,-30,-88.1591727265,464.975802076,-941.678201165,0.997893558243,0.002,0.00305188118184,0.00172853342682,0.000349176503194,0.00642251560721,0.006,0.00371069040734,0.00301989944734,0.000698829602936,0.0069273972173,0.002,0.00394728796837,0.00216301620233,0.000983854785234,0.00688710433465,100.0,no_pol
