e_1_sim,e_1_mean,e_1_sd,e_1_lwr,e_1_upr,e_2_sim,e_2_mean,e_2_sd,e_2_lwr,e_2_upr,e_3_sim,e_3_mean,e_3_sd,e_3_lwr,e_3_upr,gamma_1_sim,gamma_1_mean,gamma_1_sd,gamma_1_lwr,gamma_1_upr,gamma_2_sim,gamma_2_mean,gamma_2_sd,gamma_2_lwr,gamma_2_upr,gamma_3_sim,gamma_3_mean,gamma_3_sd,gamma_3_lwr,gamma_3_upr,theta_1_sim,theta_1_mean,theta_1_sd,theta_1_lwr,theta_1_upr,theta_2_sim,theta_2_mean,theta_2_sd,theta_2_lwr,theta_2_upr,theta_3_sim,theta_3_mean,theta_3_sd,theta_3_lwr,theta_3_upr,percent_sig,reduction
0.05,0.0182363037419,0.0245163534469,0.0,0.0753997611652,0.02,0.0224067413697,0.0376596682334,0.0,0.0980536410659,0.01,0.0293902265988,0.0635787493486,0.0,0.110356314704,0,-12.4235071438,17.184655345,-60.7148933148,0.590818077109,-5,-19.7669733029,27.5080154207,-96.4374334954,0.97349337104,-30,-13.1089504895,18.2618276836,-47.7649251335,1.38810656191,0.002,0.0037412571078,0.00173193401661,0.00107069765209,0.006595902079,0.006,0.00294357090781,0.00152329293436,0.00088368017279,0.00618291485316,0.002,0.00334673398748,0.00168510593283,0.000854015404713,0.00652400754933,5.0,equal_pol
0.05,0.0182363037419,0.0245163534469,0.0,0.0753997611652,0.02,0.0224067413697,0.0376596682334,0.0,0.0980536410659,0.01,0.0293902265988,0.0635787493486,0.0,0.110356314704,0,-12.4235071438,17.184655345,-60.7148933148,0.590818077109,-5,-19.7669733029,27.5080154207,-96.4374334954,0.97349337104,-30,-13.1089504895,18.2618276836,-47.7649251335,1.38810656191,0.002,0.0037412571078,0.00173193401661,0.00107069765209,0.006595902079,0.006,0.00294357090781,0.00152329293436,0.00088368017279,0.00618291485316,0.002,0.00334673398748,0.00168510593283,0.000854015404713,0.00652400754933,100.0,2_class
0.05,0.0182363037419,0.0245163534469,0.0,0.0753997611652,0.02,0.0224067413697,0.0376596682334,0.0,0.0980536410659,0.01,0.0293902265988,0.0635787493486,0.0,0.110356314704,0,-12.4235071438,17.184655345,-60.7148933148,0.590818077109,-5,-19.7669733029,27.5080154207,-96.4374334954,0.97349337104,-30,-13.1089504895,18.2618276836,-47.7649251335,1.38810656191,0.002,0.0037412571078,0.00173193401661,0.00107069765209,0.006595902079,0.006,0.00294357090781,0.00152329293436,0.00088368017279,0.00618291485316,0.002,0.00334673398748,0.00168510593283,0.000854015404713,0.00652400754933,100.0,no_pol
